Segment,Restaurant Name,Phone,Website,Cuisine,Rating,Reviews,Price Level,Address,Value Proposition
"High-Value Targets","Beans & Brews Coffee House","(281) 401-9319","https://www.beansandbrews.com/coffee-shops/brookshire-jordan-ranch/","Bakery",4.3,61,"MODERATE","2506 Jordan Ranch Blvd Suite 1","Get discovered by 10,000+ monthly diners searching "restaurants near me in Katy". Your high ratings deserve more visibility - claim your free listing and get featured for just $99/month."
"High-Value Targets","Texana Cafe","(832) 471-7903","https://www.texanacafe.com/","Bakery",4.8,74,"MODERATE","7440 FM359","Get discovered by 10,000+ monthly diners searching "restaurants near me in Katy". Your high ratings deserve more visibility - claim your free listing and get featured for just $99/month."
"High-Value Targets","Bruster's Real Ice Cream","(281) 789-8813","http://www.brusters.com/locations/katy/428","Bakery",4.8,95,"BUDGET","3210 FM 1463 Ste 100","Get discovered by 10,000+ monthly diners searching "restaurants near me in Katy". Your high ratings deserve more visibility - claim your free listing and get featured for just $99/month."
"High-Value Targets","Asian Wok","(281) 346-8122","http://www.asianwoktx.com/","Asian",4.3,101,"MODERATE","6631 W Cross Creek Bend Ln #100","Get discovered by 10,000+ monthly diners searching "restaurants near me in Katy". Your high ratings deserve more visibility - claim your free listing and get featured for just $99/month."
"High-Value Targets","Los Cucos Mexican Cafe","(281) 644-6808","http://www.loscucos.com/","Restaurant",4.2,2985,"MODERATE","5305 Bell Patna Dr","Get discovered by 10,000+ monthly diners searching "restaurants near me in Katy". Your high ratings deserve more visibility - claim your free listing and get featured for just $99/month."
"High-Value Targets","Outback Steakhouse","(281) 492-2225","https://locations.outback.com/texas/katy/24600-katy-freeway?utm_source=gmb&utm_medium=local_search&utm_campaign=website_cta&y_source=1_MTU1MDI0MzQtNzE1LWxvY2F0aW9uLndlYnNpdGU%3D","Bar,Meal Takeaway",4.3,2982,"MODERATE","24600 Katy Fwy Suite 2000","Get discovered by 10,000+ monthly diners searching "restaurants near me in Katy". Your high ratings deserve more visibility - claim your free listing and get featured for just $99/month."
"High-Value Targets","Red Lobster","(281) 644-6030","https://www.redlobster.com/seafood-restaurants/locations/tx/katy/25408-bell-patna","Restaurant",4.3,3337,"MODERATE","25408 Bell Patna Drive KATY MILLS MALL","Get discovered by 10,000+ monthly diners searching "restaurants near me in Katy". Your high ratings deserve more visibility - claim your free listing and get featured for just $99/month."
"High-Value Targets","Beijing Ranch","(832) 437-7002","https://beijingranchtogo.com/","Restaurant",4,261,"MODERATE","1251 Pin Oak Rd #129","Get discovered by 10,000+ monthly diners searching "restaurants near me in Katy". Your high ratings deserve more visibility - claim your free listing and get featured for just $99/month."
"High-Value Targets","Stars Sports Bar & Grill","(281) 693-0700","https://www.starssportsbar.com/","Bar & Grill",4.3,509,"MODERATE","414 W Grand Pkwy S #190","Get discovered by 10,000+ monthly diners searching "restaurants near me in Katy". Your high ratings deserve more visibility - claim your free listing and get featured for just $99/month."
"High-Value Targets","Antonia's Restaurant","(281) 644-6000","https://antonias.us/","Restaurant",4.4,1160,"MODERATE","2001 Katy Mills Blvd","Get discovered by 10,000+ monthly diners searching "restaurants near me in Katy". Your high ratings deserve more visibility - claim your free listing and get featured for just $99/month."
"High-Value Targets","Kolache Factory","(281) 398-8700","https://locations.kolachefactory.com/tx/houston/231-s.-mason-road","Cafe",4.4,318,"BUDGET","231 S Mason Rd","Get discovered by 10,000+ monthly diners searching "restaurants near me in Katy". Your high ratings deserve more visibility - claim your free listing and get featured for just $99/month."
"High-Value Targets","Tad's Louisiana Cooking","(281) 665-1149","https://www.tadsrestaurants.com/","Bar & Grill",4.2,1711,"MODERATE","1425 FM 1463","Get discovered by 10,000+ monthly diners searching "restaurants near me in Katy". Your high ratings deserve more visibility - claim your free listing and get featured for just $99/month."
"High-Value Targets","The Social Pub & Grill","(281) 396-4627","https://socialpubkaty.com/","Bar & Grill",4.4,463,"MODERATE","1721 Spring Green Blvd #700","Get discovered by 10,000+ monthly diners searching "restaurants near me in Katy". Your high ratings deserve more visibility - claim your free listing and get featured for just $99/month."
"High-Value Targets","Denny's","(281) 644-5555","https://locations.dennys.com/TX/KATY/247836?utm_source=G&utm_medium=organic&utm_campaign=DAC","Restaurant",4.2,1779,"BUDGET","2405 Texmati Dr","Get discovered by 10,000+ monthly diners searching "restaurants near me in Katy". Your high ratings deserve more visibility - claim your free listing and get featured for just $99/month."
"High-Value Targets","Perry's Steakhouse & Grille","(281) 347-3600","https://perryssteakhouse.com/locations/tx/houston/katy/","Bar",4.4,1815,"UPSCALE","23501 Cinco Ranch Blvd Suite Q100","Get discovered by 10,000+ monthly diners searching "restaurants near me in Katy". Your high ratings deserve more visibility - claim your free listing and get featured for just $99/month."
"High-Value Targets","Texas Borders Bar & Grill 1093","(281) 231-8376","https://www.bordersbarandgrillrichmondtx.com/","Bar & Grill",4.2,1153,"MODERATE","26440 FM 1093 #400","Get discovered by 10,000+ monthly diners searching "restaurants near me in Katy". Your high ratings deserve more visibility - claim your free listing and get featured for just $99/month."
"High-Value Targets","Ginger Thai","(281) 394-7077","http://www.gingerthaikaty.com/","Restaurant",4.3,849,"MODERATE","27110 Cinco Ranch Blvd #1100","Get discovered by 10,000+ monthly diners searching "restaurants near me in Katy". Your high ratings deserve more visibility - claim your free listing and get featured for just $99/month."
"High-Value Targets","Grand Imperial Chinese Restaurant","(832) 437-7279","https://grandimperialchinese.com/","Chinese",4.4,610,"BUDGET","27131 Cinco Ranch Blvd #500","Get discovered by 10,000+ monthly diners searching "restaurants near me in Katy". Your high ratings deserve more visibility - claim your free listing and get featured for just $99/month."
"High-Value Targets","Fusion Wok Sushi and Stir Fry","(281) 394-9555","https://order.mealkeyway.com/customer/release/index?mid=557354636248584f754e576d6b45522b78354c3064413d3d","Sushi",4.2,282,"MODERATE","2731 FM 1463 #300","Get discovered by 10,000+ monthly diners searching "restaurants near me in Katy". Your high ratings deserve more visibility - claim your free listing and get featured for just $99/month."
"High-Value Targets","Chili's Grill & Bar","(281) 398-3987","https://www.chilis.com/locations/us/texas/katy/mason-rd-?utm_source=google&utm_medium=local&utm_campaign=Chilis","Bar",4.1,2461,"MODERATE","21865 Katy Fwy","Get discovered by 10,000+ monthly diners searching "restaurants near me in Katy". Your high ratings deserve more visibility - claim your free listing and get featured for just $99/month."
"High-Value Targets","Texas Roadhouse","(281) 829-2400","https://www.texasroadhouse.com/locations/texas/katy?utm_source=listing&utm_medium=search","Restaurant",4.4,6129,"MODERATE","20840 Katy Fwy","Get discovered by 10,000+ monthly diners searching "restaurants near me in Katy". Your high ratings deserve more visibility - claim your free listing and get featured for just $99/month."
"High-Value Targets","Olive Garden Italian Restaurant","(281) 492-1244","https://www.olivegarden.com/locations/tx/katy/katy/4408?cmpid=br:og_ag:ie_ch:loc_ca:OGGMB_sn:gmb_gt:katy-tx-4408_pl:locurl_rd:1751","Bar,Meal Takeaway",4.2,5900,"MODERATE","21220 Katy Fwy","Get discovered by 10,000+ monthly diners searching "restaurants near me in Katy". Your high ratings deserve more visibility - claim your free listing and get featured for just $99/month."
"High-Value Targets","Landry's Seafood House","(281) 392-0452","https://www.landrysseafood.com/location/landrys-seafood-katy/","Meal Takeaway",4.1,1680,"UPSCALE","22215 Katy Fwy","Get discovered by 10,000+ monthly diners searching "restaurants near me in Katy". Your high ratings deserve more visibility - claim your free listing and get featured for just $99/month."
"High-Value Targets","The Public House","(281) 395-3473","http://publichousekaty.com/","Bar & Grill",4.3,215,"BUDGET","22758 Westheimer Pkwy #270","Get discovered by 10,000+ monthly diners searching "restaurants near me in Katy". Your high ratings deserve more visibility - claim your free listing and get featured for just $99/month."
"High-Value Targets","Babin's Seafood House","(281) 829-9200","https://www.babinsseafood.com/location/babins-seafood-katy/","Seafood",4.4,3203,"MODERATE","21851 Katy Fwy","Get discovered by 10,000+ monthly diners searching "restaurants near me in Katy". Your high ratings deserve more visibility - claim your free listing and get featured for just $99/month."
"High-Value Targets","Katy Halal Meat & Restaurant","(281) 578-6565","https://www.katyhalalrestaurant.com/","Halal",4.2,250,"MODERATE","2002 Fry Rd #106","Get discovered by 10,000+ monthly diners searching "restaurants near me in Katy". Your high ratings deserve more visibility - claim your free listing and get featured for just $99/month."
"High-Value Targets","Jason's Deli","(281) 693-3354","https://www.jasonsdeli.com/locations/tx/katy/380-s-mason-rd/","Store",4.4,1156,"MODERATE","380 S Mason Rd","Get discovered by 10,000+ monthly diners searching "restaurants near me in Katy". Your high ratings deserve more visibility - claim your free listing and get featured for just $99/month."
"High-Value Targets","Atami steak and sushi","(281) 398-8885","http://www.atamisteaksushikaty.com/","Sushi",4.2,939,"MODERATE","549 S Mason Rd","Get discovered by 10,000+ monthly diners searching "restaurants near me in Katy". Your high ratings deserve more visibility - claim your free listing and get featured for just $99/month."
"High-Value Targets","Chuy's","(832) 772-1277","https://www.chuys.com/locations/tx/katy/katy-tx/6026?cmpid=br:chy_ag:ie_ch:loc_ca:CHYGMB_sn:gmb_gt:katy-tx-6026_pl:locurl_rd:1025","Restaurant",4.2,3601,"MODERATE","21300 Katy Fwy","Get discovered by 10,000+ monthly diners searching "restaurants near me in Katy". Your high ratings deserve more visibility - claim your free listing and get featured for just $99/month."
"High-Value Targets","Nagoya Sushi","(281) 599-1112","http://sushinagoya.com/Events/smallbizsat_21.htm","Sushi",4.3,333,"MODERATE","20900 Katy Fwy N","Get discovered by 10,000+ monthly diners searching "restaurants near me in Katy". Your high ratings deserve more visibility - claim your free listing and get featured for just $99/month."
"High-Value Targets","Red River BBQ & Burger","(281) 578-3800","http://www.redriverbbq.com/","BBQ, Burger",4.3,1690,"MODERATE","1711 S Mason Rd","Get discovered by 10,000+ monthly diners searching "restaurants near me in Katy". Your high ratings deserve more visibility - claim your free listing and get featured for just $99/month."
"High-Value Targets","Cafe Asian","(281) 395-9255","http://www.cafeasiankaty.com/","Asian",4.2,193,"BUDGET","532 S Mason Rd","Get discovered by 10,000+ monthly diners searching "restaurants near me in Katy". Your high ratings deserve more visibility - claim your free listing and get featured for just $99/month."
"High-Value Targets","Sushi 9","(281) 391-8898","https://www.sushi9katy.com/","Sushi",4.4,1573,"MODERATE","1830 S Mason Rd suite 150","Get discovered by 10,000+ monthly diners searching "restaurants near me in Katy". Your high ratings deserve more visibility - claim your free listing and get featured for just $99/month."
"High-Value Targets","Black Walnut Kitchen & Bar - Cinco Ranch","(281) 371-2233","https://www.blackwalnutcafe.com/locations/houston-locations/cinco-ranch-katy/?utm_source=local&utm_medium=organic&utm_campaign=gmb&utm_content=katy","Cafe",4.4,2977,"MODERATE","23233 Cinco Ranch Blvd","Get discovered by 10,000+ monthly diners searching "restaurants near me in Katy". Your high ratings deserve more visibility - claim your free listing and get featured for just $99/month."
"High-Value Targets","Mala Sichuan Bistro","(281) 665-3300","https://www.malasichuan.com/","Restaurant",4.6,1210,"MODERATE","23119 Colonial Pkwy Suite C1","Get discovered by 10,000+ monthly diners searching "restaurants near me in Katy". Your high ratings deserve more visibility - claim your free listing and get featured for just $99/month."
"High-Value Targets","Phat Eatery - Katy","(832) 412-2927","https://www.phateatery.com/","Restaurant",4.6,2091,"MODERATE","23119 Colonial Pkwy suite b-2","Get discovered by 10,000+ monthly diners searching "restaurants near me in Katy". Your high ratings deserve more visibility - claim your free listing and get featured for just $99/month."
"High-Value Targets","Haidilao Hot Pot Katy","(832) 802-6666","https://www.superhiinternational.com/serve/storeSearch","Restaurant",4.7,2008,"MODERATE","23220 Grand Cir Blvd #100","Get discovered by 10,000+ monthly diners searching "restaurants near me in Katy". Your high ratings deserve more visibility - claim your free listing and get featured for just $99/month."
"High-Value Targets","Supreme Dumplings (Katy)","(877) 827-4150","https://www.supreme-dumplings.com/","Restaurant",4.7,137,"MODERATE","23119 Colonial Pkwy A12","Get discovered by 10,000+ monthly diners searching "restaurants near me in Katy". Your high ratings deserve more visibility - claim your free listing and get featured for just $99/month."
"High-Value Targets","Ten Seconds Yunnan Rice Noodle 十秒到雲南過橋米缐","(281) 810-7777","https://tensecondsnoodlekaty.com/","Restaurant",4.7,708,"MODERATE","23119 Colonial Pkwy Suite C-6","Get discovered by 10,000+ monthly diners searching "restaurants near me in Katy". Your high ratings deserve more visibility - claim your free listing and get featured for just $99/month."
"High-Value Targets","Yummy Pho & Bo Ne","(832) 437-0486","https://yummyphokaty.com/","Restaurant",4.1,842,"BUDGET","23119 Colonial Pkwy #A11","Get discovered by 10,000+ monthly diners searching "restaurants near me in Katy". Your high ratings deserve more visibility - claim your free listing and get featured for just $99/month."
"High-Value Targets","Hong Kong Food Street","(832) 212-8128","http://hkfstx.com/","Restaurant",4.4,235,"MODERATE","23015 Colonial Pkwy a101","Get discovered by 10,000+ monthly diners searching "restaurants near me in Katy". Your high ratings deserve more visibility - claim your free listing and get featured for just $99/month."
"High-Value Targets","Loves Dumpling House 梁妈妈手工水饺","(832) 921-7263","https://www.lovesdumplinghouse.com/","Restaurant",4.7,422,"MODERATE","2944 S Mason Rd Ste P","Get discovered by 10,000+ monthly diners searching "restaurants near me in Katy". Your high ratings deserve more visibility - claim your free listing and get featured for just $99/month."
"High-Value Targets","Uncle Chin's Kitchen","(832) 437-3273","http://www.unclechinkitchen.com/","Restaurant",4.9,692,"MODERATE","1520 S Mason Rd #A","Get discovered by 10,000+ monthly diners searching "restaurants near me in Katy". Your high ratings deserve more visibility - claim your free listing and get featured for just $99/month."
"High-Value Targets","Bon Galbi","(832) 437-6704","http://toasttab.com/bon-galbi-23119-colonial-parkway-b14","Restaurant",4.1,367,"MODERATE","23119 Colonial Pkwy Suite B-14","Get discovered by 10,000+ monthly diners searching "restaurants near me in Katy". Your high ratings deserve more visibility - claim your free listing and get featured for just $99/month."
"High-Value Targets","Tan Tan Wok","(281) 769-9966","http://www.tantanwok.com/","Restaurant",4,396,"MODERATE","23119 Colonial Pkwy Suite B12","Get discovered by 10,000+ monthly diners searching "restaurants near me in Katy". Your high ratings deserve more visibility - claim your free listing and get featured for just $99/month."
"High-Value Targets","AMA Kitchen | Houston's Innovated Food Hall with Ghost Kitchens","","http://amakitchenus.com/","Meal Delivery",4.1,130,"MODERATE","23119 Colonial Pkwy Ste A6","Get discovered by 10,000+ monthly diners searching "restaurants near me in Katy". Your high ratings deserve more visibility - claim your free listing and get featured for just $99/month."
"High-Value Targets","Tiger Noodle House","(832) 437-1545","http://www.tigernoodletexas.com/","Restaurant",4.2,489,"MODERATE","1721 Spring Green Blvd","Get discovered by 10,000+ monthly diners searching "restaurants near me in Katy". Your high ratings deserve more visibility - claim your free listing and get featured for just $99/month."
"High-Value Targets","Taste of China 湘浙汇","(281) 783-8888","http://www.tasteofchinakaty.com/","Restaurant",4.6,167,"UPSCALE","23015 Colonial Pkwy Ste B207","Get discovered by 10,000+ monthly diners searching "restaurants near me in Katy". Your high ratings deserve more visibility - claim your free listing and get featured for just $99/month."
"High-Value Targets","Chung Wang Cantonese BBQ","(281) 783-8383","http://www.chungwangbbqtexas.com/","Restaurant",4.2,521,"MODERATE","23119 Colonial Pkwy Suite B-1","Get discovered by 10,000+ monthly diners searching "restaurants near me in Katy". Your high ratings deserve more visibility - claim your free listing and get featured for just $99/month."
"High-Value Targets","Chang's Chinese Restaurant","(281) 829-6888","https://www.changschinesetx.com/wttbdu2j/restaurant/order-online","Restaurant",4,712,"MODERATE","20900 Katy Fwy M1","Get discovered by 10,000+ monthly diners searching "restaurants near me in Katy". Your high ratings deserve more visibility - claim your free listing and get featured for just $99/month."
"High-Value Targets","Green Garden Restaurant","(281) 828-8400","https://greengarden-katy.com/","Meal Delivery",4.2,473,"BUDGET","19922 Park Row Blvd","Get discovered by 10,000+ monthly diners searching "restaurants near me in Katy". Your high ratings deserve more visibility - claim your free listing and get featured for just $99/month."
"High-Value Targets","Hunan Chef","(713) 984-8488","https://www.hunanchef.net/","Restaurant",4.3,2327,"BUDGET","8404 Katy Fwy STE.100","Get discovered by 10,000+ monthly diners searching "restaurants near me in Katy". Your high ratings deserve more visibility - claim your free listing and get featured for just $99/month."
"High-Value Targets","Kokai Sushi and Lounge","(346) 387-9876","http://www.kokaihouston.com/","Bar",4.6,1841,"MODERATE","2404 Texmati Dr #101","Get discovered by 10,000+ monthly diners searching "restaurants near me in Katy". Your high ratings deserve more visibility - claim your free listing and get featured for just $99/month."
"High-Value Targets","Gyu-Kaku Japanese BBQ","(832) 767-0753","https://www.gyu-kaku.com/houston/","Bar",4.6,3176,"MODERATE","11301 Katy Fwy","Get discovered by 10,000+ monthly diners searching "restaurants near me in Katy". Your high ratings deserve more visibility - claim your free listing and get featured for just $99/month."
"High-Value Targets","Twenty Five Teishoku House","(346) 251-5886","http://www.houseof25.com/","Restaurant",4.4,252,"MODERATE","21784 Katy Fwy ste 100","Get discovered by 10,000+ monthly diners searching "restaurants near me in Katy". Your high ratings deserve more visibility - claim your free listing and get featured for just $99/month."
"High-Value Targets","Samurai Japanese steak and sushi","(281) 338-0809","http://www.samuraiwebster.com/","Restaurant",4.4,1297,"MODERATE","133 W Bay Area Blvd","Get discovered by 10,000+ monthly diners searching "restaurants near me in Katy". Your high ratings deserve more visibility - claim your free listing and get featured for just $99/month."
"High-Value Targets","Spicy House","(346) 333-9940","http://www.txspicyhouse.com/","Restaurant",4.4,263,"MODERATE","591 S Mason Rd","Get discovered by 10,000+ monthly diners searching "restaurants near me in Katy". Your high ratings deserve more visibility - claim your free listing and get featured for just $99/month."
"High-Value Targets","StoneAge","(832) 321-5319","https://stoneagegrill.com/","Bar",4.8,970,"MODERATE","20940 Katy Fwy C","Get discovered by 10,000+ monthly diners searching "restaurants near me in Katy". Your high ratings deserve more visibility - claim your free listing and get featured for just $99/month."
"High-Value Targets","Yummy Quan - Hu Tieu Nam Vang","(346) 387-9496","https://www.yummyhu.com/","Restaurant",4.8,316,"MODERATE","1223 Grand W Blvd Ste B108","Get discovered by 10,000+ monthly diners searching "restaurants near me in Katy". Your high ratings deserve more visibility - claim your free listing and get featured for just $99/month."
"High-Value Targets","Corner 99 Viet Kitchen","(832) 321-3546","https://www.cor99.com/","Bar",4.7,448,"BUDGET","1215 Grand W Blvd Ste C1","Get discovered by 10,000+ monthly diners searching "restaurants near me in Katy". Your high ratings deserve more visibility - claim your free listing and get featured for just $99/month."
"High-Value Targets","TO SOC CHON 토속촌","(346) 387-9800","","Restaurant",4.4,255,"MODERATE","22453 Katy Fwy","Get discovered by 10,000+ monthly diners searching "restaurants near me in Katy". Your high ratings deserve more visibility - claim your free listing and get featured for just $99/month."
"High-Value Targets","Pho Binh","(832) 437-9486","https://phobinhkaty.com/?utm_source=google","Restaurant",4.6,380,"MODERATE","25621 Nelson Way suite 130","Get discovered by 10,000+ monthly diners searching "restaurants near me in Katy". Your high ratings deserve more visibility - claim your free listing and get featured for just $99/month."
"High-Value Targets","Vietnam Bistro","(832) 437-3178","https://vietnambistrokaty.com/","Restaurant",4.5,321,"MODERATE","27252 Katy Fwy Suite 200","Get discovered by 10,000+ monthly diners searching "restaurants near me in Katy". Your high ratings deserve more visibility - claim your free listing and get featured for just $99/month."
"High-Value Targets","Thai Spice Asian Gourmet","","http://thaispice.com/","Restaurant",4,337,"BUDGET","1420 S Mason Rd #170","Get discovered by 10,000+ monthly diners searching "restaurants near me in Katy". Your high ratings deserve more visibility - claim your free listing and get featured for just $99/month."
"High-Value Targets","Thai Cottage Katy","(888) 884-8424","https://www.thai-cottage.com/","Meal Delivery,Meal Takeaway",4.2,656,"MODERATE","19610 Katy Fwy","Get discovered by 10,000+ monthly diners searching "restaurants near me in Katy". Your high ratings deserve more visibility - claim your free listing and get featured for just $99/month."
"High-Value Targets","Amazing Thai Cuisine","(346) 681-8776","https://www.amazingthaicuisine.net/","Restaurant",4.7,96,"MODERATE","20660 Westheimer Pkwy #L","Get discovered by 10,000+ monthly diners searching "restaurants near me in Katy". Your high ratings deserve more visibility - claim your free listing and get featured for just $99/month."
"High-Value Targets","Chocho Hot Pot Katy Premium All You Can Eat","(832) 585-8888","https://www.chochohotpot.com/katy","Restaurant",4.5,286,"MODERATE","22811 Mercantile Pkwy","Get discovered by 10,000+ monthly diners searching "restaurants near me in Katy". Your high ratings deserve more visibility - claim your free listing and get featured for just $99/month."
"High-Value Targets","Jia Kitchen","(281) 769-9388","http://www.jia-kitchen.com/","Restaurant",4.1,248,"MODERATE","23119 Colonial Pkwy B11","Get discovered by 10,000+ monthly diners searching "restaurants near me in Katy". Your high ratings deserve more visibility - claim your free listing and get featured for just $99/month."
"High-Value Targets","Giau bar n bites","(281) 944-9169","https://www.giaubarandbites.com/","Bar",4.6,172,"MODERATE","1215 Grand W Blvd Ste C7","Get discovered by 10,000+ monthly diners searching "restaurants near me in Katy". Your high ratings deserve more visibility - claim your free listing and get featured for just $99/month."
"High-Value Targets","Maharaja Bhog","(713) 771-2464","https://www.maharajabhog.com/","Restaurant",4,4041,"MODERATE","8338 Southwest Fwy","Get discovered by 10,000+ monthly diners searching "restaurants near me in Katy". Your high ratings deserve more visibility - claim your free listing and get featured for just $99/month."
"High-Value Targets","Bombay Palace Indian Restaurant","(281) 647-6111","http://www.bombaypalacekaty.com/","Restaurant",4.2,538,"MODERATE","829 S Mason Rd #265-270","Get discovered by 10,000+ monthly diners searching "restaurants near me in Katy". Your high ratings deserve more visibility - claim your free listing and get featured for just $99/month."
"High-Value Targets","TikkaTemple Restaurant & Catering","(346) 355-8889","https://tikkatemple.com/","Restaurant",4.7,606,"MODERATE","1315 Grand Pkwy Ste #116A","Get discovered by 10,000+ monthly diners searching "restaurants near me in Katy". Your high ratings deserve more visibility - claim your free listing and get featured for just $99/month."
"High-Value Targets","Gringo's Mexican Kitchen {Katy}","(832) 437-4996","http://www.gringostexmex.com/","Restaurant",4.6,2917,"MODERATE","230 W Grand Pkwy S","Get discovered by 10,000+ monthly diners searching "restaurants near me in Katy". Your high ratings deserve more visibility - claim your free listing and get featured for just $99/month."
"High-Value Targets","Torchy's Tacos","(281) 394-7808","https://torchystacos.com/?olonwp=JjBtp_vMLk25gkYh_bnoiQ","Restaurant",4.3,2542,"BUDGET","23501 Cinco Ranch Blvd # N-100","Get discovered by 10,000+ monthly diners searching "restaurants near me in Katy". Your high ratings deserve more visibility - claim your free listing and get featured for just $99/month."
"High-Value Targets","El Tiempo Cantina","(346) 365-2686","https://www.eltiempocantina.com/","Restaurant",4.2,565,"MODERATE","20095 Katy Fwy","Get discovered by 10,000+ monthly diners searching "restaurants near me in Katy". Your high ratings deserve more visibility - claim your free listing and get featured for just $99/month."
"High-Value Targets","Pappasito's Cantina","(713) 468-1913","https://pappasitos.com/","Restaurant",4.5,6341,"MODERATE","10409 Interstate 10 Frontage Rd","Get discovered by 10,000+ monthly diners searching "restaurants near me in Katy". Your high ratings deserve more visibility - claim your free listing and get featured for just $99/month."
"High-Value Targets","Blue Agave Cantina","(281) 602-3490","https://blueagavehouston.com/","Bar",4.3,1400,"MODERATE","14555 Grisby Rd","Get discovered by 10,000+ monthly diners searching "restaurants near me in Katy". Your high ratings deserve more visibility - claim your free listing and get featured for just $99/month."
"High-Value Targets","Killen's BBQ","(281) 213-4072","https://www.killensbarbecue.com/","Restaurant",4,618,"MODERATE","25618 Northwest Fwy #3B","Get discovered by 10,000+ monthly diners searching "restaurants near me in Katy". Your high ratings deserve more visibility - claim your free listing and get featured for just $99/month."
"High-Value Targets","Spring Creek Barbeque","(281) 829-0359","http://www.springcreekbarbeque.com/","Restaurant",4.2,1884,"MODERATE","21000 Katy Fwy","Get discovered by 10,000+ monthly diners searching "restaurants near me in Katy". Your high ratings deserve more visibility - claim your free listing and get featured for just $99/month."
"High-Value Targets","Dickey's Barbecue Pit Halal","(832) 974-4143","http://www.dickeys.com/","Restaurant",4,309,"MODERATE","2710 N Mason Rd Suite 110","Get discovered by 10,000+ monthly diners searching "restaurants near me in Katy". Your high ratings deserve more visibility - claim your free listing and get featured for just $99/month."
"High-Value Targets","Jos Brisket","(832) 552-0702","","Restaurant",4.7,203,"MODERATE","5345 E 3rd St Suite 100","Get discovered by 10,000+ monthly diners searching "restaurants near me in Katy". Your high ratings deserve more visibility - claim your free listing and get featured for just $99/month."
"High-Value Targets","In-N-Out Burger","(800) 786-1000","https://locations.in-n-out.com/349","Restaurant",4.3,8077,"BUDGET","1010 Katy Fort Bend Rd","Get discovered by 10,000+ monthly diners searching "restaurants near me in Katy". Your high ratings deserve more visibility - claim your free listing and get featured for just $99/month."
"High-Value Targets","Juicy Joint - Katy","(832) 533-0885","https://www.juicy-joint.com/","Restaurant",4.3,98,"MODERATE","1050 Katy Fort Bend Rd","Get discovered by 10,000+ monthly diners searching "restaurants near me in Katy". Your high ratings deserve more visibility - claim your free listing and get featured for just $99/month."
"High-Value Targets","Twin Peaks","(281) 888-3724","https://twinpeaksrestaurant.com/locations/i-10-kirkwood-tx","Bar",4.5,6116,"MODERATE","11335 Katy Fwy","Get discovered by 10,000+ monthly diners searching "restaurants near me in Katy". Your high ratings deserve more visibility - claim your free listing and get featured for just $99/month."
"High-Value Targets","Carrabba's Italian Grill","(281) 665-1320","https://locations.carrabbas.com/texas/katy/6501-fry-road?y_source=1_MTU1MDI5NjEtNzE1LWxvY2F0aW9uLndlYnNpdGU%3D","Bar,Meal Takeaway",4.5,2658,"MODERATE","6501 S Fry Rd","Get discovered by 10,000+ monthly diners searching "restaurants near me in Katy". Your high ratings deserve more visibility - claim your free listing and get featured for just $99/month."
"High-Value Targets","Little Italy Restaurant","(346) 696-7910","https://www.littleitalyktx.com/","Restaurant",4.5,150,"MODERATE","24449 Katy Fwy #700","Get discovered by 10,000+ monthly diners searching "restaurants near me in Katy". Your high ratings deserve more visibility - claim your free listing and get featured for just $99/month."
"High-Value Targets","Pappadeaux Seafood Kitchen","(713) 722-0221","https://pappadeaux.com/","Restaurant",4.5,6989,"UPSCALE","10499 Interstate 10 Frontage Rd","Get discovered by 10,000+ monthly diners searching "restaurants near me in Katy". Your high ratings deserve more visibility - claim your free listing and get featured for just $99/month."
"High-Value Targets","Truluck's Ocean's Finest Seafood & Crab","(713) 783-7270","https://trulucks.com/locations/houston-texas/","Restaurant",4.6,2840,"PREMIUM","5350 Westheimer Rd","Get discovered by 10,000+ monthly diners searching "restaurants near me in Katy". Your high ratings deserve more visibility - claim your free listing and get featured for just $99/month."
"High-Value Targets","LongHorn Steakhouse","(281) 398-4331","https://www.longhornsteakhouse.com/locations/tx/katy/katy/5481?cmpid=br:lh_ag:ie_ch:loc_ca:LHGMB_sn:gmb_gt:katy-tx-5481_pl:locurl_rd:1419","Bar,Meal Takeaway",4.3,2992,"MODERATE","20636 Katy Fwy","Get discovered by 10,000+ monthly diners searching "restaurants near me in Katy". Your high ratings deserve more visibility - claim your free listing and get featured for just $99/month."
"High-Value Targets","III Forks Steakhouse","(945) 299-1776","https://www.3forks.com/","Restaurant",4.7,106,"MODERATE","5100 Belt Line Rd Suite 800","Get discovered by 10,000+ monthly diners searching "restaurants near me in Katy". Your high ratings deserve more visibility - claim your free listing and get featured for just $99/month."
"High-Value Targets","Snooze, an A.M. Eatery","(281) 394-7780","https://www.snoozeeatery.com/restaurant/texas/katy/?utm_source=Google&utm_medium=BusinessListing","Bar,Cafe,Store",4.3,1948,"MODERATE","23501 Cinco Ranch Blvd K100","Get discovered by 10,000+ monthly diners searching "restaurants near me in Katy". Your high ratings deserve more visibility - claim your free listing and get featured for just $99/month."
"High-Value Targets","Another Broken Egg Cafe","(281) 717-4065","https://www.anotherbrokenegg.com/locations/katy-tx/","Restaurant",4.7,2738,"MODERATE","20950 Katy Fwy","Get discovered by 10,000+ monthly diners searching "restaurants near me in Katy". Your high ratings deserve more visibility - claim your free listing and get featured for just $99/month."
"High-Value Targets","Aladdin Mediterranean cuisine","(713) 942-2321","https://aladdinshouston.com/","Restaurant",4.6,2844,"MODERATE","912 Westheimer Rd","Get discovered by 10,000+ monthly diners searching "restaurants near me in Katy". Your high ratings deserve more visibility - claim your free listing and get featured for just $99/month."
"High-Value Targets","Nikko Dermatology - Katy","(713) 960-1311","https://drnikko.com/locations/katy-dermatology/?utm_source=google&utm_medium=organic&utm_campaign=gmb-katydermatology","Doctor,Health",5,64,"MODERATE","20303 Kingsland Blvd","Get discovered by 10,000+ monthly diners searching "restaurants near me in Katy". Your high ratings deserve more visibility - claim your free listing and get featured for just $99/month."
"High-Value Targets","CAVA","(346) 456-4564","http://cava.com/","Restaurant",4.4,580,"MODERATE","2643 Commercial Center Blvd Suite C300","Get discovered by 10,000+ monthly diners searching "restaurants near me in Katy". Your high ratings deserve more visibility - claim your free listing and get featured for just $99/month."
"High-Value Targets","Shawarma Del Valle","(832) 939-0175","https://shawarmadelvalle.com/","Restaurant",4.8,114,"BUDGET","1117 S Mason Rd","Get discovered by 10,000+ monthly diners searching "restaurants near me in Katy". Your high ratings deserve more visibility - claim your free listing and get featured for just $99/month."
"High-Value Targets","Wow Wow Lemonade Katy","(832) 437-6542","https://wowwowhawaiianlemonade.com/location/katy-mills/","Restaurant",4.4,94,"MODERATE","25220 Kingsland Blvd Suite 300","Get discovered by 10,000+ monthly diners searching "restaurants near me in Katy". Your high ratings deserve more visibility - claim your free listing and get featured for just $99/month."
"High-Value Targets","Newk's Eatery","(832) 917-0500","https://locations.newks.com/tx/houston/9448-katy-freeway/","Meal Takeaway",4.4,815,"MODERATE","9448 Katy Fwy","Get discovered by 10,000+ monthly diners searching "restaurants near me in Katy". Your high ratings deserve more visibility - claim your free listing and get featured for just $99/month."
"High-Value Targets","Times Square Entertainment","(281) 395-8555","http://www.timessquaretx.com/","Bar,Bowling Alley",4.3,1829,"MODERATE","402 W Grand Pkwy S #110","Get discovered by 10,000+ monthly diners searching "restaurants near me in Katy". Your high ratings deserve more visibility - claim your free listing and get featured for just $99/month."
"High-Value Targets","BJ's Restaurant & Brewhouse","(281) 769-1850","https://www.bjsrestaurants.com/locations/tx/katy?utm_source=google&utm_medium=organic&utm_campaign=google_my_business","Bar",4.1,2960,"MODERATE","20536 Katy Fwy","Get discovered by 10,000+ monthly diners searching "restaurants near me in Katy". Your high ratings deserve more visibility - claim your free listing and get featured for just $99/month."
"High-Value Targets","The Cheesecake Factory","(281) 845-9317","https://locations.thecheesecakefactory.com/tx/katy-221.html?utm_source=Google&utm_medium=Maps&utm_campaign=Google+Places","Bakery,Meal Takeaway,Store",4.2,1525,"MODERATE","5000 Katy Mills Cir Suite 325","Get discovered by 10,000+ monthly diners searching "restaurants near me in Katy". Your high ratings deserve more visibility - claim your free listing and get featured for just $99/month."
"High-Value Targets","Harlem Road Texas BBQ","(832) 278-2101","http://www.harlemroadtexasbbq.com/","BBQ, Texas BBQ, Barbecue",4.4,660,"MODERATE","9823 Harlem Rd","Get discovered by 10,000+ monthly diners searching "restaurants near me in Katy". Your high ratings deserve more visibility - claim your free listing and get featured for just $99/month."
"Family-Friendly Upsell","Pizza Fino","(281) 391-1177","https://www.pizzafinooldkatytown.com/?utm_source=gbp","Pizza",4.2,257,"BUDGET","2020 Katy Hockley Cut Off Rd Ste A","Your kids deals are live! Upgrade to Premium for $199/month to get featured placement, priority search results, and 3x more clicks. Limited spots available."
"Family-Friendly Upsell","Subway","(281) 533-9640","https://restaurants.subway.com/united-states/tx/fulshear/8508-fm-359-s?utm_source=yxt-goog&utm_medium=local&utm_term=acq&utm_content=39046&utm_campaign=evergreen-2020&y_source=1_MTQ5MDY1NjAtNzE1LWxvY2F0aW9uLndlYnNpdGU%3D","American",3.4,108,"BUDGET","8508 FM359","Your kids deals are live! Upgrade to Premium for $199/month to get featured placement, priority search results, and 3x more clicks. Limited spots available."
"Family-Friendly Upsell","La Guarecita Restaurant","(281) 391-8226","https://laguarecitarestaurant.com/","American",4.4,524,"BUDGET","5304 E 5th St","Your kids deals are live! Upgrade to Premium for $199/month to get featured placement, priority search results, and 3x more clicks. Limited spots available."
"Family-Friendly Upsell","Wendy's","(281) 665-2574","https://locations.wendys.com/united-states/tx/katy/5929-fm-1463?utm_source=Yext&utm_medium=Google_My_Business&utm_campaign=Local_Search&utm_content=EN_US","American",3.8,632,"BUDGET","5929 FM 1463 Suite 100","Your kids deals are live! Upgrade to Premium for $199/month to get featured placement, priority search results, and 3x more clicks. Limited spots available."
"Family-Friendly Upsell","Tequilas","(281) 665-8488","http://www.tequilasmexicangrill.net/","American",4.3,436,"BUDGET","25824 Clay Rd Suite A","Your kids deals are live! Upgrade to Premium for $199/month to get featured placement, priority search results, and 3x more clicks. Limited spots available."
"Family-Friendly Upsell","Mena Plaza","(281) 204-3963","","American",,,"MODERATE","25820 Clay Rd","Your kids deals are live! Upgrade to Premium for $199/month to get featured placement, priority search results, and 3x more clicks. Limited spots available."
"Family-Friendly Upsell","Tito’s Tacos","(281) 723-9075","https://www.titostacoskatytx.com/","American",4.9,14,"MODERATE","3718 Pitts Rd","Your kids deals are live! Upgrade to Premium for $199/month to get featured placement, priority search results, and 3x more clicks. Limited spots available."
"Family-Friendly Upsell","TAQUERIA EL SABOR DE MAMA","","","American",,,"MODERATE","3538 Pitts Rd","Your kids deals are live! Upgrade to Premium for $199/month to get featured placement, priority search results, and 3x more clicks. Limited spots available."
"Family-Friendly Upsell","Big N's BBQ and Crawfish","(832) 290-8354","https://www.facebook.com/BigNsBBQandCrawfish/","BBQ",4.4,320,"MODERATE","4034 Katy Hockley Cut Off Rd","Your kids deals are live! Upgrade to Premium for $199/month to get featured placement, priority search results, and 3x more clicks. Limited spots available."
"Family-Friendly Upsell","Taco Express","(832) 887-0943","","American",4.8,13,"MODERATE","2855 Katy Hockley Cut Off Rd","Your kids deals are live! Upgrade to Premium for $199/month to get featured placement, priority search results, and 3x more clicks. Limited spots available."
"Family-Friendly Upsell","El Norteño Pollos Asados Estilo Monterrey (Charcoal cooked chicken, Mexican food)","(832) 875-2018","","Mexican",4,80,"MODERATE","2855 Katy Hockley Cut Off Rd","Your kids deals are live! Upgrade to Premium for $199/month to get featured placement, priority search results, and 3x more clicks. Limited spots available."
"Family-Friendly Upsell","Taqueria “Rafita”","(281) 777-8564","http://ordertaqueriarafita.com/","American",3.5,27,"MODERATE","2855 Katy Hockley Cut Off Rd","Your kids deals are live! Upgrade to Premium for $199/month to get featured placement, priority search results, and 3x more clicks. Limited spots available."
"Family-Friendly Upsell","La Pantera Rosa","(832) 526-5265","","American",4.8,5,"MODERATE","2855 Katy Hockley Cut Off Rd","Your kids deals are live! Upgrade to Premium for $199/month to get featured placement, priority search results, and 3x more clicks. Limited spots available."
"Family-Friendly Upsell","Douala","(346) 758-9577","https://doualaeats.com/","American",4,3,"MODERATE","25250 Laird Knoll St","Your kids deals are live! Upgrade to Premium for $199/month to get featured placement, priority search results, and 3x more clicks. Limited spots available."
"Family-Friendly Upsell","Island Twist 473","(929) 247-6865","","American",,,"MODERATE","28047 Stockdick School Rd","Your kids deals are live! Upgrade to Premium for $199/month to get featured placement, priority search results, and 3x more clicks. Limited spots available."
"Family-Friendly Upsell","The pizza shoppe","(281) 574-8899","http://thepizzashoppekaty.com/","Pizza",4.4,84,"MODERATE","5815 Franz Rd C","Your kids deals are live! Upgrade to Premium for $199/month to get featured placement, priority search results, and 3x more clicks. Limited spots available."
"Family-Friendly Upsell","Doña Tere Meat Market","(281) 392-3644","","American",4,72,"MODERATE","5701 Franz Rd","Your kids deals are live! Upgrade to Premium for $199/month to get featured placement, priority search results, and 3x more clicks. Limited spots available."
"Family-Friendly Upsell","Taco Chile","(346) 390-1683","","American",4.4,40,"MODERATE","24001 Clay Rd","Your kids deals are live! Upgrade to Premium for $199/month to get featured placement, priority search results, and 3x more clicks. Limited spots available."
"Family-Friendly Upsell","Sonic Drive-In","(346) 712-0175","https://www.sonicdrivein.com/locations/us/tx/brookshire/","American",4.2,129,"BUDGET","30575 Kingsland Blvd Suite 100","Your kids deals are live! Upgrade to Premium for $199/month to get featured placement, priority search results, and 3x more clicks. Limited spots available."
"Family-Friendly Upsell","Texas Borders Bar & Grill at Cane Island","(346) 387-9954","https://www.texasbordersbarandgrill.com/?fbclid=IwZnRzaAMqwmFleHRuA2FlbQIxMQABHjop8LrFhWSatttr5IdHqbzu9rCE7Ajb4Q0mT9GIYqIgxehrNGseRqNUJHUO_aem_dUfbXCxaA_c3Qv1qq87wAw","American",4.4,16,"MODERATE","2100 Cane Island Pkwy C","Your kids deals are live! Upgrade to Premium for $199/month to get featured placement, priority search results, and 3x more clicks. Limited spots available."
"Family-Friendly Upsell","Lota Drinks","(713) 319-7476","https://msha.ke/lotadrinks","American",5,33,"MODERATE","3051 Bugatti Dr","Your kids deals are live! Upgrade to Premium for $199/month to get featured placement, priority search results, and 3x more clicks. Limited spots available."
"Family-Friendly Upsell","Marco's Pizza","(346) 413-8400","https://www.marcos.com/our-locations/restaurants/TX/Brookshire/marcos-pizza-kingsland-boulevard-brookshire-1","Pizza",4.1,131,"BUDGET","30543 Kingsland Blvd","Your kids deals are live! Upgrade to Premium for $199/month to get featured placement, priority search results, and 3x more clicks. Limited spots available."
"Family-Friendly Upsell","Tacos El Grande #2","(346) 264-3519","https://tacoselgrandetx.com/","American",3.4,74,"BUDGET","25010 Franz Rd","Your kids deals are live! Upgrade to Premium for $199/month to get featured placement, priority search results, and 3x more clicks. Limited spots available."
"Family-Friendly Upsell","Daddy Duncan's BBQ","(713) 898-9910","https://www.daddyduncansbbq.com/","BBQ",4.7,77,"MODERATE","3550 Schlipf Rd #3","Your kids deals are live! Upgrade to Premium for $199/month to get featured placement, priority search results, and 3x more clicks. Limited spots available."
"Family-Friendly Upsell","Old Town Bistro","(281) 237-7580","https://www.katyisd.org/domain/5688","American",4.3,6,"MODERATE","1734 Katyland Dr","Your kids deals are live! Upgrade to Premium for $199/month to get featured placement, priority search results, and 3x more clicks. Limited spots available."
"Family-Friendly Upsell","Sabaneros Ranch","(346) 558-9564","https://sabanerosranch.247hrs.net/","American",4.3,198,"MODERATE","4525 Schlipf Rd","Your kids deals are live! Upgrade to Premium for $199/month to get featured placement, priority search results, and 3x more clicks. Limited spots available."
"Family-Friendly Upsell","Please and Thank You Home Cooking","(832) 437-0579","","American",3.5,2,"MODERATE","5806 4th St","Your kids deals are live! Upgrade to Premium for $199/month to get featured placement, priority search results, and 3x more clicks. Limited spots available."
"Family-Friendly Upsell","Buchi's Pot","(747) 279-9392","","American",,,"MODERATE","3050 Upland Spring Trace","Your kids deals are live! Upgrade to Premium for $199/month to get featured placement, priority search results, and 3x more clicks. Limited spots available."
"Family-Friendly Upsell","apricotecommcerce","(346) 770-9886","","American",,,"MODERATE","1727 Sonny Path Dr","Your kids deals are live! Upgrade to Premium for $199/month to get featured placement, priority search results, and 3x more clicks. Limited spots available."
"Family-Friendly Upsell","Onyi's Suya","(346) 475-8935","http://onyisuya.com/","American",,,"MODERATE","5403 E 5th St","Your kids deals are live! Upgrade to Premium for $199/month to get featured placement, priority search results, and 3x more clicks. Limited spots available."
"Family-Friendly Upsell","Dozier's BBQ & Meat Market","(281) 346-8194","http://www.doziersbbqtx.com/","BBQ",4.3,552,"MODERATE","8222 FM359","Your kids deals are live! Upgrade to Premium for $199/month to get featured placement, priority search results, and 3x more clicks. Limited spots available."
"Family-Friendly Upsell","Victor's Mexican Grille","(281) 533-0040","https://victorsmexicanrestaurant.com/?y_source=1_MTAwNzQxMjAwNi03MTUtbG9jYXRpb24ud2Vic2l0ZQ%3D%3D","Mexican",4,646,"MODERATE","8525 FM359","Your kids deals are live! Upgrade to Premium for $199/month to get featured placement, priority search results, and 3x more clicks. Limited spots available."
"Family-Friendly Upsell","Juju’s Culture Kitchen","(786) 277-9153","","American",,,"MODERATE","4319 Whitefish Ln","Your kids deals are live! Upgrade to Premium for $199/month to get featured placement, priority search results, and 3x more clicks. Limited spots available."
"Family-Friendly Upsell","Diana’s Kitchen and Catering","(832) 588-0704","https://www.tiktok.com/@dianas.kitchen0?_t=ZT-8vxDQyYc8Es&_r=1","American",5,9,"MODERATE","5440 FM359","Your kids deals are live! Upgrade to Premium for $199/month to get featured placement, priority search results, and 3x more clicks. Limited spots available."
"Family-Friendly Upsell","Pizza Hut","(346) 517-3326","https://locations.pizzahut.com/tx/brookshire/5430-fm-359-s-rd?utm_medium=organic&utm_source=local&utm_campaign=googlelistings&utm_content=website&utm_term=315015","Pizza",4.1,74,"BUDGET","5430 FM359 Rd #100","Your kids deals are live! Upgrade to Premium for $199/month to get featured placement, priority search results, and 3x more clicks. Limited spots available."
"Family-Friendly Upsell","Market at Jordan Ranch","(713) 599-3500","https://www.regencycenters.com/property/detail/60843/jordan-ranch","American",4.3,8,"MODERATE","Jordan Crossing Blvd","Your kids deals are live! Upgrade to Premium for $199/month to get featured placement, priority search results, and 3x more clicks. Limited spots available."
"Family-Friendly Upsell","McDonald's (To Go only)","(281) 984-2073","https://www.mcdonalds.com/us/en-us/location/tx/brookshire/29910-jordan-crossing-blvd/43232.html","American",1.8,8,"MODERATE","29910 Jordan Crossing Blvd","Your kids deals are live! Upgrade to Premium for $199/month to get featured placement, priority search results, and 3x more clicks. Limited spots available."
"Family-Friendly Upsell","Hanamirolls","(786) 202-6235","","American",,,"MODERATE","3919 Windy Whisper Dr","Your kids deals are live! Upgrade to Premium for $199/month to get featured placement, priority search results, and 3x more clicks. Limited spots available."
"Family-Friendly Upsell","Farmer's Fridge","(312) 229-0404","http://www.farmersfridge.com/","American",,,"MODERATE","Located in the employee breakroom beside the Canteen micro-market","Your kids deals are live! Upgrade to Premium for $199/month to get featured placement, priority search results, and 3x more clicks. Limited spots available."
"Family-Friendly Upsell","Domino's Pizza","(281) 533-4080","https://www.dominos.com/en/?redirect=homepage&utm_source=google&utm_medium=loclist&utm_campaign=localmaps_menutest","Pizza",3.2,202,"BUDGET","8411 FM359 Ste A","Your kids deals are live! Upgrade to Premium for $199/month to get featured placement, priority search results, and 3x more clicks. Limited spots available."
"Family-Friendly Upsell","Papa Johns Pizza","(281) 346-4101","https://locations.papajohns.com/united-states/tx/77441/fulshear/8525-fm-359?utm_source=yext-listings&utm_medium=referral&y_source=1_MTA4ODE2NTc2OS03MTUtbG9jYXRpb24ud2Vic2l0ZQ%3D%3D","Pizza",2.3,15,"MODERATE","8525 FM359 Suite 102","Your kids deals are live! Upgrade to Premium for $199/month to get featured placement, priority search results, and 3x more clicks. Limited spots available."
"Family-Friendly Upsell","Lupe’s Mexican Cafe","","https://www.lupesmexicancafe.com/","Mexican",4.2,45,"MODERATE","28840 FM 1093","Your kids deals are live! Upgrade to Premium for $199/month to get featured placement, priority search results, and 3x more clicks. Limited spots available."
"Family-Friendly Upsell","Ilyas world famous tikki masala","","","American",,,"MODERATE","Flagman Trl","Your kids deals are live! Upgrade to Premium for $199/month to get featured placement, priority search results, and 3x more clicks. Limited spots available."
"Family-Friendly Upsell","Grill","","","American",5,1,"MODERATE","1013 Pitch Pne Ct","Your kids deals are live! Upgrade to Premium for $199/month to get featured placement, priority search results, and 3x more clicks. Limited spots available."
"Family-Friendly Upsell","Chick N Max","","https://www.chicknmax.com/","American",,,"MODERATE","27117 Fulshear Bend Dr","Your kids deals are live! Upgrade to Premium for $199/month to get featured placement, priority search results, and 3x more clicks. Limited spots available."
"Family-Friendly Upsell","Playa Bowls","(832) 451-6142","https://playabowls.com/location/fulshear-tx","American",5,49,"MODERATE","28432 FM 1093 Suite C","Your kids deals are live! Upgrade to Premium for $199/month to get featured placement, priority search results, and 3x more clicks. Limited spots available."
"Family-Friendly Upsell","Chronic Fries - Fulshear, TX","(346) 517-1234","https://www.chronicfries.fun/","American",4.5,11,"BUDGET","27120 Fulshear Bend Dr Suite 400","Your kids deals are live! Upgrade to Premium for $199/month to get featured placement, priority search results, and 3x more clicks. Limited spots available."
"Family-Friendly Upsell","Green Bawarchi","(832) 437-6358","https://greenbawarchikaty.com/","American",4.3,283,"MODERATE","4020 FM 1463","Your kids deals are live! Upgrade to Premium for $199/month to get featured placement, priority search results, and 3x more clicks. Limited spots available."
"Family-Friendly Upsell","ESN Healthy Kitchen","(281) 395-0827","https://www.esnhealthykitchen.com/","American",5,8,"MODERATE","2770 FM 1463 suite 102","Your kids deals are live! Upgrade to Premium for $199/month to get featured placement, priority search results, and 3x more clicks. Limited spots available."
"Family-Friendly Upsell","Five Guys","(346) 338-9403","https://restaurants.fiveguys.com/27123-fulshear-bend-drive","American",3.8,64,"MODERATE","27123 Fulshear Bend Dr Suite 100","Your kids deals are live! Upgrade to Premium for $199/month to get featured placement, priority search results, and 3x more clicks. Limited spots available."
"Family-Friendly Upsell","Rainforest Cafe","(281) 644-6200","https://www.rainforestcafe.com/location/rainforest-cafe-katy-mills-tx/","American",4.2,4329,"MODERATE","5000 Katy Mills Cir","Your kids deals are live! Upgrade to Premium for $199/month to get featured placement, priority search results, and 3x more clicks. Limited spots available."
"Family-Friendly Upsell","Main Event Katy","(281) 394-4800","http://www.mainevent.com/locations/texas/katy","American",4.3,5670,"MODERATE","24401 Katy Fwy","Your kids deals are live! Upgrade to Premium for $199/month to get featured placement, priority search results, and 3x more clicks. Limited spots available."
"Family-Friendly Upsell","Midway BBQ","(281) 391-2830","https://midwaybbqkatytx.com/","BBQ",4.3,1790,"MODERATE","6025 Hwy Blvd","Your kids deals are live! Upgrade to Premium for $199/month to get featured placement, priority search results, and 3x more clicks. Limited spots available."
"Family-Friendly Upsell","Chuck E. Cheese","(281) 644-4949","https://www.chuckecheese.com/katy-tx","American",4.2,1653,"MODERATE","2002 Gulfmont Dr","Your kids deals are live! Upgrade to Premium for $199/month to get featured placement, priority search results, and 3x more clicks. Limited spots available."
"Family-Friendly Upsell","T Jin China Diner","(281) 574-8999","https://tjinkatymill.kwickmenu.com/index.php","American",4,334,"BUDGET","25681 Nelson Way","Your kids deals are live! Upgrade to Premium for $199/month to get featured placement, priority search results, and 3x more clicks. Limited spots available."
"Family-Friendly Upsell","la Madeleine","(281) 395-2888","https://lamadeleine.com/locations/katy-west-grand","American",4.2,1733,"MODERATE","23322 Mercantile Pkwy","Your kids deals are live! Upgrade to Premium for $199/month to get featured placement, priority search results, and 3x more clicks. Limited spots available."
"Family-Friendly Upsell","Great Wraps","(281) 644-4821","http://www.greatwraps.com/","American",2.8,62,"BUDGET","5000 Katy Mills Cir Suite 904","Your kids deals are live! Upgrade to Premium for $199/month to get featured placement, priority search results, and 3x more clicks. Limited spots available."
"Family-Friendly Upsell","Los Altos De Jalisco","(281) 693-3917","http://losaltosdejaliscotx.com/","American",4,624,"BUDGET","5717 Hwy Blvd","Your kids deals are live! Upgrade to Premium for $199/month to get featured placement, priority search results, and 3x more clicks. Limited spots available."
"Family-Friendly Upsell","Wingstop","(281) 392-1700","https://www.wingstop.com/location/wingstop-255-katy-tx-77450/menu?y_source=1_NTUyMDc0MzctNzE1LWxvY2F0aW9uLndlYnNpdGU%3D","American",3.7,469,"MODERATE","1830 S Mason Rd Ste 140","Your kids deals are live! Upgrade to Premium for $199/month to get featured placement, priority search results, and 3x more clicks. Limited spots available."
"Family-Friendly Upsell","Charleys Cheesesteaks","(281) 574-2627","https://order.charleys.com/menu/katy-mills-mall/","American",4.1,358,"BUDGET","5000 Katy Mills Cir Space FC-5","Your kids deals are live! Upgrade to Premium for $199/month to get featured placement, priority search results, and 3x more clicks. Limited spots available."
"Family-Friendly Upsell","IHOP","(281) 398-8667","https://restaurants.ihop.com/en-us/tx/houston/breakfast-19989-katy-frwy-1442?utm_source=google&utm_medium=organic&utm_campaign=google_my_business&utm_term=1442&utm_content=website","American",4.1,2372,"BUDGET","19989 Katy Fwy","Your kids deals are live! Upgrade to Premium for $199/month to get featured placement, priority search results, and 3x more clicks. Limited spots available."
"Family-Friendly Upsell","Jimmy John's","(281) 578-8444","https://locations.jimmyjohns.com/tx/houston/sandwiches-1490.html?utm_source=google%20my%20business&utm_medium=organic&utm_campaign=website%20link","American",3.7,185,"BUDGET","1270 Fry Rd","Your kids deals are live! Upgrade to Premium for $199/month to get featured placement, priority search results, and 3x more clicks. Limited spots available."
"Family-Friendly Upsell","Chipotle Mexican Grill","(281) 646-8588","https://locations.chipotle.com/tx/houston/1260-fry-rd?utm_source=google&utm_medium=yext&utm_campaign=yext_listings","Mexican",3.8,1352,"BUDGET","1260 Fry Rd","Your kids deals are live! Upgrade to Premium for $199/month to get featured placement, priority search results, and 3x more clicks. Limited spots available."
"Family-Friendly Upsell","Bonchon Katy","(281) 394-9188","https://restaurants.bonchon.com/locations/tx/katy/24437-katy-freeway-suite-100","American",4,1926,"MODERATE","24437 Katy Fwy #100","Your kids deals are live! Upgrade to Premium for $199/month to get featured placement, priority search results, and 3x more clicks. Limited spots available."
"Family-Friendly Upsell","Atria Cinco Ranch","(281) 395-9600","https://atriaseniorliving.com/retirement-communities/atria-cinco-ranch-katy-tx/?utm_source=GMB&utm_medium=Chatmeter","American",4.6,92,"MODERATE","24001 Cinco Village Center Blvd","Your kids deals are live! Upgrade to Premium for $199/month to get featured placement, priority search results, and 3x more clicks. Limited spots available."
"Family-Friendly Upsell","Raising Cane's Chicken Fingers","(281) 574-3779","https://locations.raisingcanes.com/tx/katy/9730-gaston-rd.","American",4.4,1055,"BUDGET","9730 Gaston Rd","Your kids deals are live! Upgrade to Premium for $199/month to get featured placement, priority search results, and 3x more clicks. Limited spots available."
"Family-Friendly Upsell","Little Caesars Pizza","(281) 392-3433","https://littlecaesars.com/en-us/store/10682","Pizza",3,592,"BUDGET","10705 Spring Green Blvd","Your kids deals are live! Upgrade to Premium for $199/month to get featured placement, priority search results, and 3x more clicks. Limited spots available."
"Family-Friendly Upsell","El Kourmet","(346) 257-4980","http://www.elkourmet.com/","American",4.4,1066,"BUDGET","25757 Westheimer Pkwy #100","Your kids deals are live! Upgrade to Premium for $199/month to get featured placement, priority search results, and 3x more clicks. Limited spots available."
"Family-Friendly Upsell","Pepperoni's Pizza - Firethorne","(281) 392-3900","http://www.pepperonis.net/","Pizza",4.4,172,"BUDGET","2731 FM 1463 #900","Your kids deals are live! Upgrade to Premium for $199/month to get featured placement, priority search results, and 3x more clicks. Limited spots available."
"Family-Friendly Upsell","Center Court Pizza & Brew Cinco Ranch","(281) 665-3997","http://www.centercourtpizzacincoranch.com/","Pizza",4.4,479,"MODERATE","9550 Spring Green Blvd Suite 400","Your kids deals are live! Upgrade to Premium for $199/month to get featured placement, priority search results, and 3x more clicks. Limited spots available."
"Family-Friendly Upsell","Taco Bell","(346) 615-8780","https://locations.tacobell.com/tx/katy/3130-fm-1463.html?utm_source=yext&utm_campaign=googlelistings&utm_medium=referral&utm_term=042038&utm_content=website&y_source=1_MjAyOTczNzIzNy03MTUtbG9jYXRpb24ud2Vic2l0ZQ==","American",5,2,"MODERATE","3130 FM 1463","Your kids deals are live! Upgrade to Premium for $199/month to get featured placement, priority search results, and 3x more clicks. Limited spots available."
"Family-Friendly Upsell","Southpark at Cinco Ranch","(713) 599-3500","https://www.regencycenters.com/property/detail/60603/Southpark-at-Cinco-Ranch","American",4.4,1671,"MODERATE","9550 Spring Green Blvd","Your kids deals are live! Upgrade to Premium for $199/month to get featured placement, priority search results, and 3x more clicks. Limited spots available."
"Family-Friendly Upsell","Ling’s Restaurant","(281) 347-1001","https://www.lingsrestauranttx.com/","American",3.8,172,"BUDGET","8945 S Fry Rd","Your kids deals are live! Upgrade to Premium for $199/month to get featured placement, priority search results, and 3x more clicks. Limited spots available."
"Family-Friendly Upsell","Texas Borders Bar and Grill","(281) 578-8785","https://www.texasbordersbarandgrill.com/","American",4.4,926,"MODERATE","1251 Pin Oak Rd #141","Your kids deals are live! Upgrade to Premium for $199/month to get featured placement, priority search results, and 3x more clicks. Limited spots available."
"Family-Friendly Upsell","Cheddar's Scratch Kitchen","(281) 578-0593","https://www.cheddars.com/locations/tx/katy/katy/2039?cmpid=br:csk_ag:ie_ch:loc_ca:CSKGMB_sn:gmb_gt:katy-tx-2039_pl:locurl_rd:1033","American",4,4056,"MODERATE","21150 Katy Fwy","Your kids deals are live! Upgrade to Premium for $199/month to get featured placement, priority search results, and 3x more clicks. Limited spots available."
"Family-Friendly Upsell","Hasta La Pasta","(281) 392-0045","http://www.hastalapasta.com/","American",4.2,759,"MODERATE","1450 Grand Pkwy e","Your kids deals are live! Upgrade to Premium for $199/month to get featured placement, priority search results, and 3x more clicks. Limited spots available."
"Family-Friendly Upsell","The Golf Club at Cinco Ranch","(281) 395-4653","https://www.golfclubatcincoranch.com/?utm_source=google&utm_medium=organic&utm_campaign=google_business_profile","American",4,497,"MODERATE","23030 Cinco Ranch Blvd","Your kids deals are live! Upgrade to Premium for $199/month to get featured placement, priority search results, and 3x more clicks. Limited spots available."
"Family-Friendly Upsell","Luby's","(281) 492-2016","https://www.lubys.com/houston-katy-south-mason","American",4.2,2379,"MODERATE","485 S Mason Rd","Your kids deals are live! Upgrade to Premium for $199/month to get featured placement, priority search results, and 3x more clicks. Limited spots available."
"Family-Friendly Upsell","Las Mañanitas Mexican Restaurant","(281) 492-7463","https://lasmananitasmexicanrestaurant.com/","Mexican",4.4,1040,"MODERATE","803 S Mason Rd #400","Your kids deals are live! Upgrade to Premium for $199/month to get featured placement, priority search results, and 3x more clicks. Limited spots available."
"Family-Friendly Upsell","Lupe Tortilla Mexican Restaurant","(281) 392-2322","https://originallupetortilla.com/","Mexican",4.2,3270,"MODERATE","703 W Grand Pkwy S","Your kids deals are live! Upgrade to Premium for $199/month to get featured placement, priority search results, and 3x more clicks. Limited spots available."
"Family-Friendly Upsell","El Jarrito","(281) 579-8844","http://www.eljarrito.com/","American",4.4,1825,"MODERATE","21724 Highland Knolls Dr","Your kids deals are live! Upgrade to Premium for $199/month to get featured placement, priority search results, and 3x more clicks. Limited spots available."
"Family-Friendly Upsell","Pollo Bravo","(281) 392-0030","","American",3.8,164,"BUDGET","890 S Mason Rd","Your kids deals are live! Upgrade to Premium for $199/month to get featured placement, priority search results, and 3x more clicks. Limited spots available."
"Family-Friendly Upsell","China Cottage","(281) 492-7832","http://www.chinacottage637.com/","American",4.1,387,"BUDGET","637 S Mason Rd","Your kids deals are live! Upgrade to Premium for $199/month to get featured placement, priority search results, and 3x more clicks. Limited spots available."
"Family-Friendly Upsell","Fuzzy's Pizza Katy","(281) 579-0100","http://fuzzys.pizza/","Pizza",4.1,947,"MODERATE","613 S Mason Rd","Your kids deals are live! Upgrade to Premium for $199/month to get featured placement, priority search results, and 3x more clicks. Limited spots available."
"Family-Friendly Upsell","Sicily Pizza & Pasta","(281) 398-6400","https://fryrd.sicilypizza.com/","Pizza",4.1,705,"MODERATE","2211 N Fry Rd Suite H","Your kids deals are live! Upgrade to Premium for $199/month to get featured placement, priority search results, and 3x more clicks. Limited spots available."
"Family-Friendly Upsell","Tacos Y Tortas Adrian","(281) 578-0086","http://tacosadrian.com/","American",4.2,2102,"BUDGET","1603 N Westgreen Blvd #110","Your kids deals are live! Upgrade to Premium for $199/month to get featured placement, priority search results, and 3x more clicks. Limited spots available."
"Family-Friendly Upsell","The Waterside Grill Company","(281) 346-1967","","American",4.6,13,"MODERATE","32611 FM 1093","Your kids deals are live! Upgrade to Premium for $199/month to get featured placement, priority search results, and 3x more clicks. Limited spots available."
"Family-Friendly Upsell","Culver’s","(346) 338-0646","http://www.culvers.com/restaurants/fulshear-tx-flewellen-way/?utm_source=Google&utm_medium=Maps&utm_campaign=Google+Places","American",4.4,777,"BUDGET","6677 Flewellen Way","Your kids deals are live! Upgrade to Premium for $199/month to get featured placement, priority search results, and 3x more clicks. Limited spots available."
"Family-Friendly Upsell","Bucces Katy","","","American",,,"MODERATE","4306 Camden Lakes St","Your kids deals are live! Upgrade to Premium for $199/month to get featured placement, priority search results, and 3x more clicks. Limited spots available."
"Featured Placement Candidates","Mala Sichuan Bistro","(281) 665-3300","https://www.malasichuan.com/","Restaurant",4.6,1210,"MODERATE","23119 Colonial Pkwy Suite C1","You're already a top-rated restaurant in Katy. Get featured placement for $99/month and capture customers actively searching for the best dining options."
"Featured Placement Candidates","Phat Eatery - Katy","(832) 412-2927","https://www.phateatery.com/","Restaurant",4.6,2091,"MODERATE","23119 Colonial Pkwy suite b-2","You're already a top-rated restaurant in Katy. Get featured placement for $99/month and capture customers actively searching for the best dining options."
"Featured Placement Candidates","Haidilao Hot Pot Katy","(832) 802-6666","https://www.superhiinternational.com/serve/storeSearch","Restaurant",4.7,2008,"MODERATE","23220 Grand Cir Blvd #100","You're already a top-rated restaurant in Katy. Get featured placement for $99/month and capture customers actively searching for the best dining options."
"Featured Placement Candidates","Supreme Dumplings (Katy)","(877) 827-4150","https://www.supreme-dumplings.com/","Restaurant",4.7,137,"MODERATE","23119 Colonial Pkwy A12","You're already a top-rated restaurant in Katy. Get featured placement for $99/month and capture customers actively searching for the best dining options."
"Featured Placement Candidates","Ten Seconds Yunnan Rice Noodle 十秒到雲南過橋米缐","(281) 810-7777","https://tensecondsnoodlekaty.com/","Restaurant",4.7,708,"MODERATE","23119 Colonial Pkwy Suite C-6","You're already a top-rated restaurant in Katy. Get featured placement for $99/month and capture customers actively searching for the best dining options."
"Featured Placement Candidates","Loves Dumpling House 梁妈妈手工水饺","(832) 921-7263","https://www.lovesdumplinghouse.com/","Restaurant",4.7,422,"MODERATE","2944 S Mason Rd Ste P","You're already a top-rated restaurant in Katy. Get featured placement for $99/month and capture customers actively searching for the best dining options."
"Featured Placement Candidates","Uncle Chin's Kitchen","(832) 437-3273","http://www.unclechinkitchen.com/","Restaurant",4.9,692,"MODERATE","1520 S Mason Rd #A","You're already a top-rated restaurant in Katy. Get featured placement for $99/month and capture customers actively searching for the best dining options."
"Featured Placement Candidates","Taste of China 湘浙汇","(281) 783-8888","http://www.tasteofchinakaty.com/","Restaurant",4.6,167,"UPSCALE","23015 Colonial Pkwy Ste B207","You're already a top-rated restaurant in Katy. Get featured placement for $99/month and capture customers actively searching for the best dining options."
"Featured Placement Candidates","Kokai Sushi and Lounge","(346) 387-9876","http://www.kokaihouston.com/","Bar",4.6,1841,"MODERATE","2404 Texmati Dr #101","You're already a top-rated restaurant in Katy. Get featured placement for $99/month and capture customers actively searching for the best dining options."
"Featured Placement Candidates","Gyu-Kaku Japanese BBQ","(832) 767-0753","https://www.gyu-kaku.com/houston/","Bar",4.6,3176,"MODERATE","11301 Katy Fwy","You're already a top-rated restaurant in Katy. Get featured placement for $99/month and capture customers actively searching for the best dining options."
"Featured Placement Candidates","StoneAge","(832) 321-5319","https://stoneagegrill.com/","Bar",4.8,970,"MODERATE","20940 Katy Fwy C","You're already a top-rated restaurant in Katy. Get featured placement for $99/month and capture customers actively searching for the best dining options."
"Featured Placement Candidates","Yummy Quan - Hu Tieu Nam Vang","(346) 387-9496","https://www.yummyhu.com/","Restaurant",4.8,316,"MODERATE","1223 Grand W Blvd Ste B108","You're already a top-rated restaurant in Katy. Get featured placement for $99/month and capture customers actively searching for the best dining options."
"Featured Placement Candidates","Corner 99 Viet Kitchen","(832) 321-3546","https://www.cor99.com/","Bar",4.7,448,"BUDGET","1215 Grand W Blvd Ste C1","You're already a top-rated restaurant in Katy. Get featured placement for $99/month and capture customers actively searching for the best dining options."
"Featured Placement Candidates","Pho Binh","(832) 437-9486","https://phobinhkaty.com/?utm_source=google","Restaurant",4.6,380,"MODERATE","25621 Nelson Way suite 130","You're already a top-rated restaurant in Katy. Get featured placement for $99/month and capture customers actively searching for the best dining options."
"Featured Placement Candidates","Vietnam Bistro","(832) 437-3178","https://vietnambistrokaty.com/","Restaurant",4.5,321,"MODERATE","27252 Katy Fwy Suite 200","You're already a top-rated restaurant in Katy. Get featured placement for $99/month and capture customers actively searching for the best dining options."
"Featured Placement Candidates","Chocho Hot Pot Katy Premium All You Can Eat","(832) 585-8888","https://www.chochohotpot.com/katy","Restaurant",4.5,286,"MODERATE","22811 Mercantile Pkwy","You're already a top-rated restaurant in Katy. Get featured placement for $99/month and capture customers actively searching for the best dining options."
"Featured Placement Candidates","Giau bar n bites","(281) 944-9169","https://www.giaubarandbites.com/","Bar",4.6,172,"MODERATE","1215 Grand W Blvd Ste C7","You're already a top-rated restaurant in Katy. Get featured placement for $99/month and capture customers actively searching for the best dining options."
"Featured Placement Candidates","TikkaTemple Restaurant & Catering","(346) 355-8889","https://tikkatemple.com/","Restaurant",4.7,606,"MODERATE","1315 Grand Pkwy Ste #116A","You're already a top-rated restaurant in Katy. Get featured placement for $99/month and capture customers actively searching for the best dining options."
"Featured Placement Candidates","Gringo's Mexican Kitchen {Katy}","(832) 437-4996","http://www.gringostexmex.com/","Restaurant",4.6,2917,"MODERATE","230 W Grand Pkwy S","You're already a top-rated restaurant in Katy. Get featured placement for $99/month and capture customers actively searching for the best dining options."
"Featured Placement Candidates","Pappasito's Cantina","(713) 468-1913","https://pappasitos.com/","Restaurant",4.5,6341,"MODERATE","10409 Interstate 10 Frontage Rd","You're already a top-rated restaurant in Katy. Get featured placement for $99/month and capture customers actively searching for the best dining options."
"Featured Placement Candidates","Jos Brisket","(832) 552-0702","","Restaurant",4.7,203,"MODERATE","5345 E 3rd St Suite 100","You're already a top-rated restaurant in Katy. Get featured placement for $99/month and capture customers actively searching for the best dining options."
"Featured Placement Candidates","Twin Peaks","(281) 888-3724","https://twinpeaksrestaurant.com/locations/i-10-kirkwood-tx","Bar",4.5,6116,"MODERATE","11335 Katy Fwy","You're already a top-rated restaurant in Katy. Get featured placement for $99/month and capture customers actively searching for the best dining options."
"Featured Placement Candidates","Carrabba's Italian Grill","(281) 665-1320","https://locations.carrabbas.com/texas/katy/6501-fry-road?y_source=1_MTU1MDI5NjEtNzE1LWxvY2F0aW9uLndlYnNpdGU%3D","Bar,Meal Takeaway",4.5,2658,"MODERATE","6501 S Fry Rd","You're already a top-rated restaurant in Katy. Get featured placement for $99/month and capture customers actively searching for the best dining options."
"Featured Placement Candidates","Little Italy Restaurant","(346) 696-7910","https://www.littleitalyktx.com/","Restaurant",4.5,150,"MODERATE","24449 Katy Fwy #700","You're already a top-rated restaurant in Katy. Get featured placement for $99/month and capture customers actively searching for the best dining options."
"Featured Placement Candidates","Pappadeaux Seafood Kitchen","(713) 722-0221","https://pappadeaux.com/","Restaurant",4.5,6989,"UPSCALE","10499 Interstate 10 Frontage Rd","You're already a top-rated restaurant in Katy. Get featured placement for $99/month and capture customers actively searching for the best dining options."
"Featured Placement Candidates","Truluck's Ocean's Finest Seafood & Crab","(713) 783-7270","https://trulucks.com/locations/houston-texas/","Restaurant",4.6,2840,"PREMIUM","5350 Westheimer Rd","You're already a top-rated restaurant in Katy. Get featured placement for $99/month and capture customers actively searching for the best dining options."
"Featured Placement Candidates","III Forks Steakhouse","(945) 299-1776","https://www.3forks.com/","Restaurant",4.7,106,"MODERATE","5100 Belt Line Rd Suite 800","You're already a top-rated restaurant in Katy. Get featured placement for $99/month and capture customers actively searching for the best dining options."
"Featured Placement Candidates","Another Broken Egg Cafe","(281) 717-4065","https://www.anotherbrokenegg.com/locations/katy-tx/","Restaurant",4.7,2738,"MODERATE","20950 Katy Fwy","You're already a top-rated restaurant in Katy. Get featured placement for $99/month and capture customers actively searching for the best dining options."
"Featured Placement Candidates","Aladdin Mediterranean cuisine","(713) 942-2321","https://aladdinshouston.com/","Restaurant",4.6,2844,"MODERATE","912 Westheimer Rd","You're already a top-rated restaurant in Katy. Get featured placement for $99/month and capture customers actively searching for the best dining options."
"Featured Placement Candidates","Shawarma Del Valle","(832) 939-0175","https://shawarmadelvalle.com/","Restaurant",4.8,114,"BUDGET","1117 S Mason Rd","You're already a top-rated restaurant in Katy. Get featured placement for $99/month and capture customers actively searching for the best dining options."
"Phone-Only Quick Wins","Mena Plaza","(281) 204-3963","","American",,,"MODERATE","25820 Clay Rd","We noticed you don't have a website. Get a free eKaty profile page that ranks on Google and drives calls to your restaurant. Upgrade to Pro for just $49/month to add special offers."
"Phone-Only Quick Wins","Taco Express","(832) 887-0943","","American",4.8,13,"MODERATE","2855 Katy Hockley Cut Off Rd","We noticed you don't have a website. Get a free eKaty profile page that ranks on Google and drives calls to your restaurant. Upgrade to Pro for just $49/month to add special offers."
"Phone-Only Quick Wins","El Norteño Pollos Asados Estilo Monterrey (Charcoal cooked chicken, Mexican food)","(832) 875-2018","","Mexican",4,80,"MODERATE","2855 Katy Hockley Cut Off Rd","We noticed you don't have a website. Get a free eKaty profile page that ranks on Google and drives calls to your restaurant. Upgrade to Pro for just $49/month to add special offers."
"Phone-Only Quick Wins","La Pantera Rosa","(832) 526-5265","","American",4.8,5,"MODERATE","2855 Katy Hockley Cut Off Rd","We noticed you don't have a website. Get a free eKaty profile page that ranks on Google and drives calls to your restaurant. Upgrade to Pro for just $49/month to add special offers."
"Phone-Only Quick Wins","Island Twist 473","(929) 247-6865","","American",,,"MODERATE","28047 Stockdick School Rd","We noticed you don't have a website. Get a free eKaty profile page that ranks on Google and drives calls to your restaurant. Upgrade to Pro for just $49/month to add special offers."
"Phone-Only Quick Wins","Doña Tere Meat Market","(281) 392-3644","","American",4,72,"MODERATE","5701 Franz Rd","We noticed you don't have a website. Get a free eKaty profile page that ranks on Google and drives calls to your restaurant. Upgrade to Pro for just $49/month to add special offers."
"Phone-Only Quick Wins","Taco Chile","(346) 390-1683","","American",4.4,40,"MODERATE","24001 Clay Rd","We noticed you don't have a website. Get a free eKaty profile page that ranks on Google and drives calls to your restaurant. Upgrade to Pro for just $49/month to add special offers."
"Phone-Only Quick Wins","Starbucks","(713) 955-5803","","Cafe",3.9,77,"MODERATE","2155 Katy Fort Bend Rd","We noticed you don't have a website. Get a free eKaty profile page that ranks on Google and drives calls to your restaurant. Upgrade to Pro for just $49/month to add special offers."
"Phone-Only Quick Wins","Please and Thank You Home Cooking","(832) 437-0579","","American",3.5,2,"MODERATE","5806 4th St","We noticed you don't have a website. Get a free eKaty profile page that ranks on Google and drives calls to your restaurant. Upgrade to Pro for just $49/month to add special offers."
"Phone-Only Quick Wins","Buchi's Pot","(747) 279-9392","","American",,,"MODERATE","3050 Upland Spring Trace","We noticed you don't have a website. Get a free eKaty profile page that ranks on Google and drives calls to your restaurant. Upgrade to Pro for just $49/month to add special offers."
"Phone-Only Quick Wins","apricotecommcerce","(346) 770-9886","","American",,,"MODERATE","1727 Sonny Path Dr","We noticed you don't have a website. Get a free eKaty profile page that ranks on Google and drives calls to your restaurant. Upgrade to Pro for just $49/month to add special offers."
"Phone-Only Quick Wins","Cajun Comforts","(281) 908-9594","","Cajun",4.3,42,"MODERATE","5722 2nd St","We noticed you don't have a website. Get a free eKaty profile page that ranks on Google and drives calls to your restaurant. Upgrade to Pro for just $49/month to add special offers."
"Phone-Only Quick Wins","Juju’s Culture Kitchen","(786) 277-9153","","American",,,"MODERATE","4319 Whitefish Ln","We noticed you don't have a website. Get a free eKaty profile page that ranks on Google and drives calls to your restaurant. Upgrade to Pro for just $49/month to add special offers."
"Phone-Only Quick Wins","Hanamirolls","(786) 202-6235","","American",,,"MODERATE","3919 Windy Whisper Dr","We noticed you don't have a website. Get a free eKaty profile page that ranks on Google and drives calls to your restaurant. Upgrade to Pro for just $49/month to add special offers."
"Phone-Only Quick Wins","Local Spot","(832) 451-6710","","Bar & Grill",4.9,41,"MODERATE","6460 Cross Creek Bend Ln","We noticed you don't have a website. Get a free eKaty profile page that ranks on Google and drives calls to your restaurant. Upgrade to Pro for just $49/month to add special offers."
"Phone-Only Quick Wins","Asian Too","(281) 574-8338","","Asian",2.1,62,"MODERATE","5000 Katy Mills Cir Suite 840","We noticed you don't have a website. Get a free eKaty profile page that ranks on Google and drives calls to your restaurant. Upgrade to Pro for just $49/month to add special offers."
"Phone-Only Quick Wins","El Vaquero","(281) 647-0227","","American",4.5,451,"BUDGET","2002 Fry Rd #100","We noticed you don't have a website. Get a free eKaty profile page that ranks on Google and drives calls to your restaurant. Upgrade to Pro for just $49/month to add special offers."
"Phone-Only Quick Wins","E-Star Chinese Buffet Katy","(281) 398-8868","","Chinese",3.9,2951,"MODERATE","20235 Katy Fwy","We noticed you don't have a website. Get a free eKaty profile page that ranks on Google and drives calls to your restaurant. Upgrade to Pro for just $49/month to add special offers."
"Phone-Only Quick Wins","Pollo Bravo","(281) 392-0030","","American",3.8,164,"BUDGET","890 S Mason Rd","We noticed you don't have a website. Get a free eKaty profile page that ranks on Google and drives calls to your restaurant. Upgrade to Pro for just $49/month to add special offers."
"Phone-Only Quick Wins","The Waterside Grill Company","(281) 346-1967","","American",4.6,13,"MODERATE","32611 FM 1093","We noticed you don't have a website. Get a free eKaty profile page that ranks on Google and drives calls to your restaurant. Upgrade to Pro for just $49/month to add special offers."
"Phone-Only Quick Wins","Maht Gaek Katy","(832) 437-6704","","Restaurant",,,"MODERATE","23119 Colonial Pkwy Suite B-14","We noticed you don't have a website. Get a free eKaty profile page that ranks on Google and drives calls to your restaurant. Upgrade to Pro for just $49/month to add special offers."
"Phone-Only Quick Wins","TO SOC CHON 토속촌","(346) 387-9800","","Restaurant",4.4,255,"MODERATE","22453 Katy Fwy","We noticed you don't have a website. Get a free eKaty profile page that ranks on Google and drives calls to your restaurant. Upgrade to Pro for just $49/month to add special offers."
"Phone-Only Quick Wins","Biryani Pot Express Katy","(832) 437-7057","","Restaurant",3.8,46,"MODERATE","26440 FM 1093","We noticed you don't have a website. Get a free eKaty profile page that ranks on Google and drives calls to your restaurant. Upgrade to Pro for just $49/month to add special offers."
"Phone-Only Quick Wins","Jos Brisket","(832) 552-0702","","Restaurant",4.7,203,"MODERATE","5345 E 3rd St Suite 100","We noticed you don't have a website. Get a free eKaty profile page that ranks on Google and drives calls to your restaurant. Upgrade to Pro for just $49/month to add special offers."